frame,conf_vel,kf_residual,feat_dist,reward,id_switches
1,0.0,0.0,0.0,0.0,0
2,0.0,3.2794280274895575e-15,0.0,-129.0,26
3,0.015038461424410343,1.093142711122892e-15,0.0,1.0,0
4,0.01923076994717121,1.093142711122892e-15,0.0,1.0,0
5,0.013961538672447205,1.311771210995823e-14,0.0,1.0,0
6,0.0374615378677845,5.263279351605142e-15,0.0,-4.0,1
7,0.02818518504500389,1.0526558703210284e-14,0.0,1.0,0
8,0.01248148176819086,3.157967738018027e-15,0.0,1.0,0
9,0.03862962871789932,4.210623650690703e-15,0.0,1.0,0
10,0.00033333332976326346,5.263279351605142e-15,0.0,1.0,0
11,0.002888888819143176,2.1053118253453514e-15,0.0,1.0,0
12,0.004703703802078962,1.0526559126726757e-15,0.0,1.0,0
13,0.007814815267920494,4.210623650690703e-15,0.0,1.0,0
14,0.009111111052334309,1.0526559126726757e-15,0.0,1.0,0
15,0.025703703984618187,3.157967738018027e-15,0.0,1.0,0
16,0.04362963140010834,0.0,0.0,-4.0,1
17,0.012500000186264515,3.045183183508749e-15,0.0,1.0,0
18,0.0316428579390049,6.090366367017498e-15,0.0,1.0,0
19,0.007678571622818708,4.06024438585049e-15,0.0,1.0,0
20,0.027464285492897034,2.030122192925245e-15,0.0,1.0,0
21,0.030857142060995102,4.06024438585049e-15,0.0,1.0,0
22,0.005392857361584902,2.030122192925245e-15,0.0,1.0,0
23,0.0018214285373687744,2.334640490100296e-14,0.0,1.0,0
24,0.0018571428954601288,1.0150610752867988e-14,0.0,1.0,0
25,0.00010714285599533468,3.045183183508749e-15,0.0,1.0,0
26,7.142857066355646e-05,1.4210854715202004e-14,0.0,1.0,0
27,3.571428533177823e-05,3.045183183508749e-15,0.0,1.0,0
28,0.01957142911851406,1.0150610964626224e-15,0.0,1.0,0
29,0.012714285403490067,4.06024438585049e-15,0.0,1.0,0
30,0.0011785713722929358,3.045183183508749e-15,0.0,1.0,0
31,0.0014285714132711291,5.075305376433994e-15,0.0,1.0,0
32,0.0009642856894060969,4.06024438585049e-15,0.0,1.0,0
33,0.0001428571413271129,2.030122192925245e-15,0.0,1.0,0
34,0.00042857142398133874,0.0,0.0,1.0,0
35,0.0010357142891734838,1.0150610964626224e-15,0.0,1.0,0
36,0.01778571493923664,4.06024438585049e-15,0.0,1.0,0
37,0.032148148864507675,1.3684527076503021e-14,0.0,0.9642857142857143,0
38,0.022740740329027176,1.3684527076503021e-14,0.0,1.0,0
39,0.024481480941176414,4.210623650690703e-15,0.0,1.0,0
40,0.0027037037070840597,2.030122192925245e-15,0.0,-4.0,1
41,0.046142857521772385,0.0,0.0,1.0,0
42,0.010607142932713032,2.030122192925245e-15,0.0,1.0,0
43,0.001500000013038516,5.880353865108214e-15,0.0,-4.0,1
44,0.009724138304591179,7.84047153779997e-15,0.0,1.0,0
45,0.0008965517044998705,1.894780727514111e-15,0.0,-4.0,1
46,0.0010344827314838767,1.568094307559994e-14,0.0,0.9666666666666667,0
47,0.004586206749081612,2.940176932554107e-15,0.0,1.0,0
48,0.0008965517044998705,5.880353865108214e-15,0.0,1.0,0
49,0.03200000151991844,4.06024438585049e-15,0.0,0.9655172413793104,0
50,0.003214285708963871,2.030122192925245e-15,0.0,1.0,0
51,0.003642857074737549,0.0,0.0,1.0,0
52,0.06121428683400154,2.030122192925245e-15,0.0,1.0,0
53,0.006285714451223612,5.075305376433994e-15,0.0,1.0,0
54,0.00039285715320147574,8.12048877170098e-15,0.0,1.0,0
55,0.0001428571413271129,1.0150610752867988e-14,0.0,1.0,0
56,0.011142857372760773,4.06024438585049e-15,0.0,1.0,0
57,0.01614285632967949,8.12048877170098e-15,0.0,1.0,0
58,0.0003214285825379193,0.0,0.0,1.0,0
59,0.002178571419790387,4.06024438585049e-15,0.0,1.0,0
60,0.006392857059836388,4.06024438585049e-15,0.0,1.0,0
61,0.005285714287310839,9.800589422249962e-16,0.0,-4.0,1
62,0.010931034572422504,3.920235768899985e-15,0.0,1.0,0
63,0.016068965196609497,1.894780727514111e-15,0.0,-4.0,1
64,0.004566666670143604,3.789561455028222e-15,0.0,1.0,0
65,0.04243333265185356,3.789561455028222e-15,0.0,1.0,0
66,0.0041333334520459175,3.789561455028222e-15,0.0,1.0,0
67,0.031566668301820755,9.16829309141002e-15,0.0,-4.0,1
68,0.007400000002235174,8.526513167934381e-15,0.0,0.967741935483871,0
69,0.006896551698446274,4.3829567389743265e-15,0.0,0.9666666666666667,0
70,0.02441379241645336,8.82053016238761e-15,0.0,1.0,0
71,0.003724138019606471,1.1760707730216428e-14,0.0,1.0,0
72,0.0011724138166755438,3.920235768899985e-15,0.0,1.0,0
73,0.0031379309948533773,1.9601178844499923e-15,0.0,1.0,0
74,0.0006206896505318582,9.800589422249962e-16,0.0,1.0,0
75,0.00017241379828192294,2.3660715534322982e-15,0.0,1.0,0
76,0.00010344827751396224,5.880353865108214e-15,0.0,1.0,0
77,6.89655207679607e-05,9.800589422249962e-16,0.0,1.0,0
78,3.448276038398035e-05,1.894780727514111e-15,0.0,-4.0,1
79,0.0018333332845941186,9.473903425812318e-15,0.0,1.0,0
80,3.333333370392211e-05,0.0,0.0,1.0,0
81,0.0,3.789561455028222e-15,0.0,1.0,0
82,6.666666740784422e-05,1.894780727514111e-15,0.0,1.0,0
83,9.999999747378752e-05,0.0,0.0,1.0,0
84,9.999999747378752e-05,1.894780727514111e-15,0.0,1.0,0
85,9.999999747378752e-05,9.473903637570555e-16,0.0,1.0,0
86,6.666666740784422e-05,3.789561455028222e-15,0.0,1.0,0
87,0.00286666676402092,1.231607419944613e-14,0.0,1.0,0
88,0.010266666300594807,6.631732228662033e-15,0.0,1.0,0
89,0.015366666950285435,9.16829309141002e-16,0.0,-4.0,1
90,0.04287096858024597,6.4178051639870136e-15,0.0,1.0,0
91,0.0028387096244841814,0.0,0.0,1.0,0
92,0.0010645161382853985,0.0,0.0,1.0,0
93,0.001838709693402052,0.0,0.0,1.0,0
94,0.028129031881690025,9.16829309141002e-16,0.0,1.0,0
95,0.0021612902637571096,5.500975854846012e-15,0.0,1.0,0
96,3.2258063583867624e-05,2.750487927423006e-15,0.0,1.0,0
97,0.00016666666488163173,8.918935062067826e-15,0.0,0.967741935483871,0
98,0.00019999999494757503,7.579122910056444e-15,0.0,1.0,0
99,0.00013333333481568843,5.684341970784096e-15,0.0,1.0,0
100,0.00013333333481568843,8.526513167934381e-15,0.0,1.0,0
101,9.999999747378752e-05,7.579122910056444e-15,0.0,1.0,0
102,0.00019999999494757503,0.0,0.0,1.0,0
103,0.00016666666488163173,2.842170985392048e-15,0.0,1.0,0
104,0.0008333333535119891,6.4178051639870136e-15,0.0,-4.0,1
105,0.0026774194557219744,7.334634473128016e-15,0.0,1.0,0
106,0.0019354838877916336,0.0,0.0,1.0,0
107,0.003967741969972849,1.0085122400551021e-14,0.0,1.0,0
108,0.020999999716877937,0.0,0.0,1.0,0
109,0.019999999552965164,3.667317236564008e-15,0.0,1.0,0
110,0.0343225821852684,5.500975854846012e-15,0.0,1.0,0
111,0.008387097157537937,0.0,0.0,1.0,0
112,0.0014838710194453597,5.500975854846012e-15,0.0,1.0,0
113,0.03354838863015175,6.4178051639870136e-15,0.0,1.0,0
114,0.027709677815437317,6.4178051639870136e-15,0.0,1.0,0
115,0.030967742204666138,9.16829309141002e-16,0.0,1.0,0
116,0.001677419408224523,3.667317236564008e-15,0.0,1.0,0
117,0.0059032258577644825,4.58414654570501e-15,0.0,1.0,0
118,0.008709677495062351,3.667317236564008e-15,0.0,1.0,0
119,0.013741935603320599,1.2835610327974027e-14,0.0,1.0,0
120,0.0003000000142492354,0.0,0.0,0.967741935483871,0
121,0.002733333269134164,3.3158661143310167e-15,0.0,1.0,0
122,0.004166666883975267,2.842170985392048e-15,0.0,1.0,0
123,0.002266666619107127,8.526513167934381e-15,0.0,1.0,0
124,0.0411333329975605,4.736951712906159e-15,0.0,1.0,0
125,0.014965517446398735,9.800589422249962e-16,0.0,0.9666666666666667,0
126,0.035379309207201004,4.900294817004099e-15,0.0,1.0,0
127,0.0022068966645747423,2.940176932554107e-15,0.0,1.0,0
128,0.0021034483797848225,3.920235768899985e-15,0.0,1.0,0
129,0.00010344827751396224,4.900294817004099e-15,0.0,1.0,0
130,0.0005862069083377719,8.82053016238761e-15,0.0,1.0,0
131,0.00034482759656384587,3.789561455028222e-15,0.0,-4.0,1
132,0.011300000362098217,2.842170985392048e-15,0.0,1.0,0
133,0.025366665795445442,1.0421293683690255e-14,0.0,1.0,0
134,0.008700000122189522,6.631732228662033e-15,0.0,1.0,0
135,0.03433333337306976,6.631732228662033e-15,0.0,1.0,0
136,0.010266666300594807,3.789561455028222e-15,0.0,1.0,0
137,0.019866665825247765,2.842170985392048e-15,0.0,1.0,0
138,0.0032333333510905504,9.473903637570555e-16,0.0,1.0,0
139,0.00019999999494757503,1.3263464457324067e-14,0.0,1.0,0
140,0.003586206817999482,6.860412489695855e-15,0.0,0.9666666666666667,0
141,0.004571428522467613,0.0,0.0,0.9655172413793104,0
142,0.00021428571199066937,3.045183183508749e-15,0.0,1.0,0
143,0.00010714285599533468,5.075305376433994e-15,0.0,1.0,0
144,0.0,1.1165671319935018e-14,0.0,1.0,0
145,0.0002500000118743628,1.0150610964626224e-15,0.0,1.0,0
146,0.0006071428651921451,4.06024438585049e-15,0.0,1.0,0
147,3.571428533177823e-05,2.030122192925245e-15,0.0,1.0,0
148,0.0004642857238650322,1.078064825859584e-14,0.0,-4.0,1
149,0.005310344975441694,9.800589634008199e-15,0.0,1.0,0
150,0.002862069057300687,5.880353865108214e-15,0.0,1.0,0
151,0.023620689287781715,4.900294817004099e-15,0.0,1.0,0
152,0.00858620647341013,4.900294817004099e-15,0.0,1.0,0
153,0.002758620772510767,6.860412489695855e-15,0.0,1.0,0
154,0.0001379310415359214,5.880353865108214e-15,0.0,1.0,0
155,0.00024137931177392602,6.860412489695855e-15,0.0,1.0,0
156,0.00010344827751396224,1.6143663622157807e-14,0.0,1.0,0
157,0.00044827585224993527,9.800589422249962e-16,0.0,1.0,0
158,0.00024137931177392602,2.940176932554107e-15,0.0,1.0,0
159,0.00017241379828192294,0.0,0.0,1.0,0
160,0.00020689655502792448,5.684341970784096e-15,0.0,-4.0,1
161,0.0213666670024395,1.1368683941568192e-14,0.0,1.0,0
162,0.057999998331069946,5.684341970784096e-15,0.0,1.0,0
163,0.004766666796058416,5.684341970784096e-15,0.0,1.0,0
164,0.0033333334140479565,1.894780727514111e-15,0.0,1.0,0
165,0.018400000408291817,4.736951712906159e-15,0.0,1.0,0
166,0.007699999958276749,3.789561455028222e-15,0.0,1.0,0
167,0.011566666886210442,6.631732228662033e-15,0.0,1.0,0
168,0.02656666748225689,1.894780727514111e-15,0.0,1.0,0
169,0.00139999995008111,4.736951712906159e-15,0.0,1.0,0
170,0.0018666667165234685,9.473903637570555e-16,0.0,1.0,0
171,9.999999747378752e-05,4.736951712906159e-15,0.0,1.0,0
172,0.0004666666791308671,0.0,0.0,1.0,0
173,0.0011333333095535636,1.894780727514111e-15,0.0,1.0,0
174,0.018400000408291817,0.0,0.0,-4.0,1
175,0.017290322110056877,4.58414654570501e-15,0.0,1.0,0
176,0.014709677547216415,9.16829309141002e-16,0.0,1.0,0
177,6.451612716773525e-05,1.1918781018833025e-14,0.0,1.0,0
178,0.018354838714003563,4.58414654570501e-15,0.0,1.0,0
179,0.004032257944345474,4.58414654570501e-15,0.0,1.0,0
180,0.000258064508670941,3.667317236564008e-15,0.0,1.0,0
181,0.00045161289745010436,1.6502927564538035e-14,0.0,1.0,0
182,0.00022580644872505218,9.16829309141002e-16,0.0,1.0,0
183,0.0003870967775583267,2.750487927423006e-15,0.0,1.0,0
184,6.451612716773525e-05,3.667317236564008e-15,0.0,1.0,0
185,9.677419438958168e-05,7.334634473128016e-15,0.0,1.0,0
186,0.0037096773739904165,5.500975854846012e-15,0.0,1.0,0
187,0.01622580736875534,1.466926894625603e-14,0.0,1.0,0
188,0.03358064591884613,5.500975854846012e-15,0.0,1.0,0
189,0.006451612804085016,4.58414654570501e-15,0.0,1.0,0
190,0.003354838816449046,4.58414654570501e-15,0.0,1.0,0
191,0.03445161134004593,7.334634473128016e-15,0.0,1.0,0
192,0.0003225806576665491,1.466926894625603e-14,0.0,1.0,0
193,0.0003548387030605227,5.500975854846012e-15,0.0,1.0,0
194,0.0003870967775583267,9.16829309141002e-15,0.0,1.0,0
195,9.677419438958168e-05,5.933843995727323e-15,0.0,1.0,0
196,0.0006129032117314637,8.251463782269017e-15,0.0,1.0,0
197,0.012966666370630264,6.631732228662033e-15,0.0,0.967741935483871,0
198,0.022966666147112846,9.473903637570555e-16,0.0,1.0,0
199,6.666666740784422e-05,3.789561455028222e-15,0.0,1.0,0
200,0.00026666666963137686,7.579122910056444e-15,0.0,1.0,0
201,9.999999747378752e-05,9.473903637570555e-16,0.0,1.0,0
202,0.0005333333392627537,7.105427357601002e-15,0.0,1.0,0
203,0.03336666524410248,3.789561455028222e-15,0.0,1.0,0
204,0.0006000000284984708,3.789561455028222e-15,0.0,1.0,0
205,0.03410344943404198,4.900294817004099e-15,0.0,0.9666666666666667,0
206,0.0162068959325552,2.940176932554107e-15,0.0,1.0,0
207,0.039482757449150085,0.0,0.0,1.0,0
208,0.0007586206775158644,6.981063439186284e-15,0.0,1.0,0
209,3.448276038398035e-05,1.2740766354804069e-14,0.0,1.0,0
210,0.004586206749081612,5.880353865108214e-15,0.0,1.0,0
211,0.0014482758706435561,6.860412489695855e-15,0.0,1.0,0
212,0.005896551534533501,1.1760707730216428e-14,0.0,1.0,0
213,0.022137930616736412,5.880353865108214e-15,0.0,1.0,0
214,0.010172413662075996,1.078064825859584e-14,0.0,1.0,0
215,0.00044827585224993527,3.920235768899985e-15,0.0,1.0,0
216,0.00010344827751396224,1.4646266919540393e-14,0.0,1.0,0
217,0.0016206896398216486,9.800589422249962e-16,0.0,1.0,0
218,0.03327586129307747,3.920235768899985e-15,0.0,1.0,0
219,0.0031379309948533773,1.894780727514111e-15,0.0,-4.0,1
220,0.005100000184029341,1.894780727514111e-15,0.0,1.0,0
221,0.005233333446085453,4.736951712906159e-15,0.0,1.0,0
222,0.03400000184774399,7.579122910056444e-15,0.0,1.0,0
223,0.0016333333915099502,7.79304955121499e-15,0.0,-4.0,1
224,9.677419438958168e-05,1.466926894625603e-14,0.0,1.0,0
225,6.451612716773525e-05,9.16829309141002e-16,0.0,1.0,0
226,9.677419438958168e-05,7.334634473128016e-15,0.0,1.0,0
227,0.0003225806576665491,6.4178051639870136e-15,0.0,1.0,0
228,0.0003548387030605227,8.251463782269017e-15,0.0,1.0,0
229,0.022354839369654655,3.667317236564008e-15,0.0,1.0,0
230,0.010096774436533451,3.667317236564008e-15,0.0,1.0,0
231,0.00022580644872505218,4.58414654570501e-15,0.0,1.0,0
232,6.451612716773525e-05,3.667317236564008e-15,0.0,1.0,0
233,3.2258063583867624e-05,1.0085122400551021e-14,0.0,1.0,0
234,6.451612716773525e-05,3.667317236564008e-15,0.0,1.0,0
235,3.2258063583867624e-05,3.667317236564008e-15,0.0,1.0,0
236,3.2258063583867624e-05,2.750487927423006e-15,0.0,1.0,0
237,0.00016129032883327454,2.750487927423006e-15,0.0,1.0,0
238,0.000258064508670941,2.750487927423006e-15,0.0,1.0,0
239,0.03216129168868065,2.750487927423006e-15,0.0,1.0,0
240,0.008193548768758774,1.3322676295501878e-14,0.0,-4.0,1
241,0.007968749850988388,5.329070518200751e-15,0.0,1.0,0
242,0.003000000026077032,8.881784197001252e-16,0.0,1.0,0
243,0.013406249694526196,2.6645352591003757e-15,0.0,1.0,0
244,0.018483871594071388,8.251463782269017e-15,0.0,0.96875,0
245,0.019548386335372925,6.4178051639870136e-15,0.0,1.0,0
246,0.0004838709719479084,9.16829309141002e-15,0.0,1.0,0
247,6.451612716773525e-05,2.750487927423006e-15,0.0,1.0,0
248,0.0,1.4210854715202004e-14,0.0,0.967741935483871,0
249,0.009266667068004608,1.231607419944613e-14,0.0,1.0,0
250,0.017933333292603493,9.473903637570555e-16,0.0,1.0,0
251,0.005965517368167639,1.9601178844499923e-15,0.0,0.9666666666666667,0
252,0.00041379311005584896,4.900294817004099e-15,0.0,1.0,0
253,0.00024137931177392602,3.920235768899985e-15,0.0,1.0,0
254,6.89655207679607e-05,3.920235768899985e-15,0.0,1.0,0
255,3.448276038398035e-05,8.526513167934381e-15,0.0,-4.0,1
256,9.999999747378752e-05,4.736951712906159e-15,0.0,1.0,0
257,3.333333370392211e-05,1.3263464457324067e-14,0.0,1.0,0
258,6.666666740784422e-05,1.894780727514111e-15,0.0,1.0,0
259,6.666666740784422e-05,5.684341970784096e-15,0.0,1.0,0
260,9.999999747378752e-05,4.736951712906159e-15,0.0,1.0,0
261,6.666666740784422e-05,5.500975854846012e-15,0.0,-4.0,1
262,6.451612716773525e-05,7.334634473128016e-15,0.0,1.0,0
263,0.0006451613153330982,6.4178051639870136e-15,0.0,1.0,0
264,0.000258064508670941,4.58414654570501e-15,0.0,1.0,0
265,0.0009032257949002087,9.16829309141002e-16,0.0,1.0,0
266,0.0008387097041122615,5.500975854846012e-15,0.0,1.0,0
267,0.000258064508670941,1.1001951709692023e-14,0.0,1.0,0
268,0.0014516129158437252,5.500975854846012e-15,0.0,1.0,0
269,0.007000000216066837,1.2835610327974027e-14,0.0,1.0,0
270,0.004903225693851709,1.0085122400551021e-14,0.0,1.0,0
271,0.004548387136310339,3.667317236564008e-15,0.0,1.0,0
272,0.0012580645270645618,7.334634473128016e-15,0.0,1.0,0
273,0.0004838709719479084,3.667317236564008e-15,0.0,1.0,0
274,3.2258063583867624e-05,2.750487927423006e-15,0.0,1.0,0
275,0.000366666674381122,1.3263464457324067e-14,0.0,0.967741935483871,0
276,0.000699999975040555,4.736951712906159e-15,0.0,1.0,0
277,0.00143333338201046,2.842170985392048e-15,0.0,1.0,0
278,0.003733333433046937,1.5158245820112888e-14,0.0,1.0,0
279,0.0011333333095535636,2.842170985392048e-15,0.0,1.0,0
280,0.0030333332251757383,1.894780727514111e-15,0.0,1.0,0
281,0.004066666588187218,9.473903637570555e-16,0.0,1.0,0
282,0.010099999606609344,6.631732228662033e-15,0.0,1.0,0
283,0.0011333333095535636,9.473903637570555e-16,0.0,1.0,0
284,0.0011333333095535636,9.473903425812318e-15,0.0,1.0,0
285,0.0024999999441206455,9.473903637570555e-16,0.0,1.0,0
286,0.0004333333345130086,5.684341970784096e-15,0.0,1.0,0
287,0.0006666666595265269,1.1368683941568192e-14,0.0,1.0,0
288,0.0038333332631736994,4.736951712906159e-15,0.0,1.0,0
289,0.00559999980032444,9.473903637570555e-16,0.0,1.0,0
290,0.026766667142510414,8.526513167934381e-15,0.0,1.0,0
291,0.009100000374019146,1.894780727514111e-15,0.0,1.0,0
292,0.01119999960064888,7.579122910056444e-15,0.0,1.0,0
293,3.333333370392211e-05,1.4210854715202004e-14,0.0,1.0,0
294,0.0005666666547767818,1.0421293683690255e-14,0.0,1.0,0
295,0.00019999999494757503,7.579122910056444e-15,0.0,1.0,0
296,0.00286666676402092,2.842170985392048e-15,0.0,1.0,0
297,0.002266666619107127,7.579122910056444e-15,0.0,1.0,0
298,0.0140666663646698,8.526513167934381e-15,0.0,1.0,0
299,0.006533333566039801,5.684341970784096e-15,0.0,1.0,0
300,0.017100000753998756,8.526513167934381e-15,0.0,1.0,0
301,0.0016666667070239782,5.684341970784096e-15,0.0,1.0,0
302,0.0026333334390074015,5.684341970784096e-15,0.0,1.0,0
303,6.666666740784422e-05,1.894780727514111e-15,0.0,1.0,0
304,0.0,7.579122910056444e-15,0.0,1.0,0
305,6.666666740784422e-05,5.684341970784096e-15,0.0,1.0,0
306,9.999999747378752e-05,6.631732228662033e-15,0.0,1.0,0
307,0.00019999999494757503,5.684341970784096e-15,0.0,1.0,0
308,0.00013333333481568843,6.4178051639870136e-15,0.0,-4.0,1
309,0.00016129032883327454,7.334634473128016e-15,0.0,1.0,0
310,0.0006451613153330982,6.103199339684874e-15,0.0,1.0,0
311,0.011967741884291172,9.16829309141002e-15,0.0,1.0,0
312,0.019741935655474663,2.750487927423006e-15,0.0,1.0,0
313,0.000258064508670941,0.0,0.0,1.0,0
314,0.0017419354990124702,4.58414654570501e-15,0.0,1.0,0
315,0.02522580698132515,5.717410137044904e-15,0.0,1.0,0
316,0.005322580691426992,9.16829309141002e-16,0.0,1.0,0
317,0.0001290322543354705,1.833658618282004e-15,0.0,1.0,0
318,0.00016129032883327454,1.1546319456101628e-14,0.0,-4.0,1
319,0.002218750072643161,8.881784197001252e-16,0.0,1.0,0
320,9.375000081490725e-05,2.6645352591003757e-15,0.0,1.0,0
321,0.00040625000838190317,1.7763568394002505e-15,0.0,1.0,0
322,0.0006451613153330982,5.500975854846012e-15,0.0,0.96875,0
323,0.0006774193607270718,3.510014324412938e-15,0.0,1.0,0
324,0.0023225806653499603,6.217248937900877e-15,0.0,-4.0,1
325,0.013249999843537807,6.5851445695300995e-15,0.0,1.0,0
326,0.019218750298023224,1.2434497875801753e-14,0.0,1.0,0
327,0.006124999839812517,6.064861781459197e-15,0.0,1.0,0
328,0.017374999821186066,1.7763568394002505e-15,0.0,1.0,0
329,0.022187499329447746,8.881784197001252e-16,0.0,1.0,0
330,0.01321875024586916,7.993605777301127e-15,0.0,1.0,0
331,0.001312499982304871,7.993605777301127e-15,0.0,1.0,0
332,0.013718750327825546,4.306319739005599e-15,0.0,-4.0,1
333,0.03633333370089531,6.890111582408959e-15,0.0,1.0,0
334,0.007787878625094891,6.890111582408959e-15,0.0,1.0,0
335,0.010181818157434464,7.751375530210079e-15,0.0,1.0,0
336,0.021515151485800743,9.473903425812318e-15,0.0,1.0,0
337,0.019999999552965164,4.306319739005599e-15,0.0,1.0,0
338,0.0023333332501351833,2.5837918434033595e-15,0.0,1.0,0
339,0.0020909090526401997,1.003119181279934e-14,0.0,-4.0,1
340,0.0052058822475373745,8.359326334200919e-16,0.0,1.0,0
341,0.015794117003679276,3.3437305336803677e-15,0.0,1.0,0
342,0.02405882440507412,5.851528486880203e-15,0.0,1.0,0
343,0.009441176429390907,2.507797953199835e-15,0.0,1.0,0
344,0.018352940678596497,2.507797953199835e-15,0.0,1.0,0
345,0.0421176478266716,5.684341970784096e-15,0.0,-4.0,1
346,0.016085714101791382,1.6240976908127249e-15,0.0,1.0,0
347,0.00419999985024333,8.120488454063624e-16,0.0,1.0,0
348,0.0022285713348537683,1.6240976908127249e-15,0.0,1.0,0
349,0.0011714285938069224,8.932537564167783e-15,0.0,1.0,0
350,0.0014857143396511674,4.872293178317293e-15,0.0,1.0,0
351,0.0031714285723865032,4.872293178317293e-15,0.0,1.0,0
352,0.0004857142921537161,8.120488454063624e-16,0.0,1.0,0
353,0.003485714318230748,8.932537564167783e-15,0.0,1.0,0
354,0.009600000455975533,1.6240976908127249e-15,0.0,1.0,0
355,0.016657141968607903,4.872293178317293e-15,0.0,1.0,0
356,0.0017999999690800905,1.6240976908127249e-15,0.0,1.0,0
357,0.009058823809027672,5.851528486880203e-15,0.0,0.9714285714285714,0
358,0.006794117856770754,1.3374922134721471e-14,0.0,1.0,0
359,0.017058823257684708,2.507797953199835e-15,0.0,1.0,0
360,0.026764705777168274,1.3374922134721471e-14,0.0,1.0,0
361,0.039764706045389175,3.3437305336803677e-15,0.0,1.0,0
362,0.009176470339298248,0.0,0.0,1.0,0
363,0.009264705702662468,5.851528486880203e-15,0.0,1.0,0
364,0.008764705620706081,1.3374922134721471e-14,0.0,1.0,0
365,0.00024242424115072936,0.0,0.0,0.9705882352941176,0
366,0.000636363634839654,4.306319739005599e-15,0.0,1.0,0
367,0.00024242424115072936,3.4450557912044794e-15,0.0,1.0,0
368,0.00039393940824083984,2.5837918434033595e-15,0.0,1.0,0
369,0.014939393848180771,8.612639478011198e-16,0.0,1.0,0
370,0.005333333276212215,7.751375530210079e-15,0.0,1.0,0
371,0.011848485097289085,1.3780223164817917e-14,0.0,1.0,0
372,0.006151515059173107,5.167583686806719e-15,0.0,1.0,0
373,0.001878787879832089,8.612639478011198e-15,0.0,1.0,0
374,3.030303014384117e-05,3.4450557912044794e-15,0.0,1.0,0
375,9.09090886125341e-05,1.2057695269215678e-14,0.0,1.0,0
376,3.030303014384117e-05,0.0,0.0,1.0,0
377,9.09090886125341e-05,3.4450557912044794e-15,0.0,1.0,0
378,0.0002121212164638564,8.612639478011198e-16,0.0,1.0,0
379,0.00033333332976326346,6.028847634607839e-15,0.0,1.0,0
380,0.011151514947414398,2.5837918434033595e-15,0.0,1.0,0
381,0.019151514396071434,6.890111582408959e-15,0.0,1.0,0
382,0.00012121212057536468,0.0,0.0,1.0,0
383,9.09090886125341e-05,6.890111582408959e-15,0.0,1.0,0
384,0.004303030204027891,5.167583686806719e-15,0.0,1.0,0
385,0.017212120816111565,2.5837918434033595e-15,0.0,1.0,0
386,0.009151515550911427,8.612639478011198e-16,0.0,1.0,0
387,0.00028124998789280653,1.2434497875801753e-14,0.0,0.9696969696969697,0
388,0.001656249980442226,1.3322676295501878e-14,0.0,1.0,0
389,0.013937500305473804,7.993605777301127e-15,0.0,1.0,0
390,0.023343749344348907,2.6645352591003757e-15,0.0,1.0,0
391,0.04871875047683716,6.890111582408959e-15,0.0,-4.0,1
392,0.019999999552965164,4.872293178317293e-15,0.0,-9.0,2
393,0.010657142847776413,8.120488454063624e-16,0.0,1.0,0
394,0.01764705963432789,3.3437305336803677e-15,0.0,0.9714285714285714,0
395,0.004999999888241291,8.359326651838275e-15,0.0,1.0,0
396,0.002294117584824562,3.3437305336803677e-15,0.0,1.0,0
397,0.011294117197394371,5.01559590639967e-15,0.0,1.0,0
398,0.0010294117964804173,1.3374922134721471e-14,0.0,1.0,0
399,0.012235294096171856,3.3437305336803677e-15,0.0,1.0,0
400,0.00658823549747467,1.2538989554240938e-14,0.0,1.0,0
401,0.00032352941343560815,1.2049311337103755e-14,0.0,1.0,0
402,0.0002647058863658458,4.396605827886382e-15,0.0,-4.0,1
403,0.008571428246796131,4.06024438585049e-15,0.0,1.0,0
404,0.03937142714858055,1.2992781526501799e-14,0.0,1.0,0
405,0.0013714286033064127,1.1368683941568192e-14,0.0,1.0,0
406,0.0002857142826542258,7.308439979234176e-15,0.0,1.0,0
407,0.025457143783569336,3.2481953816254497e-15,0.0,1.0,0
408,0.006114285904914141,8.932537564167783e-15,0.0,1.0,0
409,0.002342857187613845,6.4963907632508994e-15,0.0,1.0,0
410,0.004857142921537161,6.4963907632508994e-15,0.0,1.0,0
411,0.002142857061699033,4.06024438585049e-15,0.0,1.0,0
412,0.005685714073479176,7.308439979234176e-15,0.0,1.0,0
413,0.004999999888241291,8.120488454063624e-16,0.0,1.0,0
414,0.001885714242234826,0.0,0.0,1.0,0
415,0.0018571428954601288,1.0556635149101389e-14,0.0,1.0,0
416,0.004657142795622349,6.4963907632508994e-15,0.0,1.0,0
417,0.00391428591683507,6.4963907632508994e-15,0.0,1.0,0
418,0.008371428586542606,1.5428928750935156e-14,0.0,1.0,0
419,0.023428572341799736,4.872293178317293e-15,0.0,1.0,0
420,0.009057142771780491,4.872293178317293e-15,0.0,1.0,0
421,0.006735294125974178,6.048865140733826e-15,0.0,0.9714285714285714,0
422,0.027499999850988388,1.6718652668401839e-15,0.0,1.0,0
423,0.014147059060633183,8.359326334200919e-16,0.0,1.0,0
424,0.02064705826342106,5.01559590639967e-15,0.0,1.0,0
425,0.02635294198989868,2.507797953199835e-15,0.0,1.0,0
426,0.011176470667123795,2.507797953199835e-15,0.0,1.0,0
427,0.014647059142589569,8.359326651838275e-15,0.0,1.0,0
428,0.013205882161855698,1.0867124393279873e-14,0.0,1.0,0
429,0.00232352945022285,3.3437305336803677e-15,0.0,1.0,0
430,0.020176470279693604,5.851528486880203e-15,0.0,1.0,0
431,0.01644117571413517,6.6874610673607355e-15,0.0,1.0,0
432,0.0203823521733284,5.01559590639967e-15,0.0,1.0,0
433,0.002764705801382661,0.0,0.0,1.0,0
434,0.008529411628842354,5.01559590639967e-15,0.0,1.0,0
435,0.0077352942898869514,4.179663325919137e-15,0.0,1.0,0
436,0.014441176317632198,0.0,0.0,1.0,0
437,0.015058823861181736,8.908412371764086e-15,0.0,1.0,0
438,0.0002647058863658458,1.6718652668401839e-15,0.0,1.0,0
439,0.0003823529405053705,0.0,0.0,-4.0,1
440,0.0011142856674268842,1.6240976908127249e-15,0.0,1.0,0
441,0.0010571428574621677,0.0,0.0,1.0,0
442,0.0003428571508266032,2.4361465891586465e-15,0.0,1.0,0
443,0.0003428571508266032,4.06024438585049e-15,0.0,1.0,0
444,0.0018571428954601288,1.6240976908127249e-15,0.0,1.0,0
445,0.002199999988079071,1.175208154668159e-14,0.0,1.0,0
446,0.000628571433480829,1.3804830318968602e-14,0.0,1.0,0
447,0.005628571379929781,4.06024438585049e-15,0.0,1.0,0
448,0.0006571428384631872,7.894919345045068e-16,0.0,-4.0,1
449,0.002194444416090846,4.736951712906159e-15,0.0,1.0,0
450,0.0070555554702878,1.1052887188942213e-14,0.0,1.0,0
451,0.0056388890370726585,2.3684758564530796e-15,0.0,1.0,0
452,0.05513888970017433,7.105427357601002e-15,0.0,1.0,0
453,0.008111110888421535,3.157967738018027e-15,0.0,1.0,0
454,0.009083333425223827,7.894919662682423e-15,0.0,1.0,0
455,0.03350000083446503,1.1842378646990687e-14,0.0,1.0,0
456,0.013571428135037422,1.6240976908127249e-15,0.0,0.9722222222222222,0
457,0.017742857336997986,4.06024438585049e-15,0.0,1.0,0
458,0.02831428498029709,2.4361465891586465e-15,0.0,1.0,0
459,0.00954285729676485,3.2481953816254497e-15,0.0,1.0,0
460,0.0002285714290337637,0.0,0.0,1.0,0
461,0.00800000037997961,0.0,0.0,1.0,0
462,0.00011428571451688185,8.932537564167783e-15,0.0,1.0,0
463,0.0002285714290337637,4.06024438585049e-15,0.0,1.0,0
464,0.020085714757442474,1.6240976908127249e-15,0.0,1.0,0
465,0.013828571885824203,1.6240976908127249e-15,0.0,1.0,0
466,0.029314285144209862,1.6240976908127249e-15,0.0,1.0,0
467,0.012285714037716389,6.4963907632508994e-15,0.0,1.0,0
468,0.0008571428479626775,6.4963907632508994e-15,0.0,1.0,0
469,0.014342857524752617,3.9474598313412115e-15,0.0,-4.0,1
470,0.04263889044523239,3.9474598313412115e-15,0.0,1.0,0
471,0.006527777761220932,1.0263394883860792e-14,0.0,1.0,0
472,0.0016666667070239782,1.0263394883860792e-14,0.0,1.0,0
473,0.006750000175088644,3.157967738018027e-15,0.0,1.0,0
474,0.0061111110262572765,7.105427357601002e-15,0.0,1.0,0
475,0.006888888776302338,3.9474598313412115e-15,0.0,1.0,0
476,0.009499999694526196,9.202992643127239e-15,0.0,1.0,0
477,0.006555555388331413,4.736951712906159e-15,0.0,1.0,0
478,0.02361111156642437,1.0263394883860792e-14,0.0,1.0,0
479,0.02311111055314541,4.736951712906159e-15,0.0,1.0,0
480,0.017055556178092957,9.011429365842101e-15,0.0,1.0,0
481,0.011861111037433147,1.1052887188942213e-14,0.0,1.0,0
482,0.011777778156101704,3.157967738018027e-15,0.0,1.0,0
483,0.0008611110970377922,2.3684758564530796e-15,0.0,1.0,0
484,0.0012499999720603228,6.315935476036054e-15,0.0,1.0,0
485,0.016388889402151108,2.3684758564530796e-15,0.0,1.0,0
486,0.007799999788403511,3.2481953816254497e-15,0.0,0.9722222222222222,0
487,0.010599999688565731,1.6240976908127249e-15,0.0,1.0,0
488,0.008171428926289082,7.308439979234176e-15,0.0,1.0,0
489,0.00535294134169817,8.359326651838275e-15,0.0,0.9714285714285714,0
490,0.01297058816999197,8.359326651838275e-15,0.0,1.0,0
491,0.022382352501153946,6.6874610673607355e-15,0.0,1.0,0
492,0.01032352913171053,1.2538989554240938e-14,0.0,1.0,0
493,0.01447058841586113,4.179663325919137e-15,0.0,1.0,0
494,0.004794117528945208,3.3437305336803677e-15,0.0,1.0,0
495,0.004000000189989805,5.01559590639967e-15,0.0,1.0,0
496,0.0006176470778882504,5.01559590639967e-15,0.0,1.0,0
497,0.010205882601439953,4.179663325919137e-15,0.0,1.0,0
498,0.0059117646887898445,6.6874610673607355e-15,0.0,1.0,0
499,0.0063529410399496555,3.3437305336803677e-15,0.0,1.0,0
500,0.003764705965295434,5.851528486880203e-15,0.0,1.0,0
501,0.002294117584824562,6.6874610673607355e-15,0.0,1.0,0
502,0.000735294132027775,8.359326651838275e-15,0.0,1.0,0
503,0.0016764706233516335,1.6718652668401839e-15,0.0,1.0,0
504,0.0016176470089703798,6.6874610673607355e-15,0.0,1.0,0
505,0.0029411765281111,4.179663325919137e-15,0.0,1.0,0
506,0.006705882493406534,4.179663325919137e-15,0.0,1.0,0
507,0.005294117610901594,7.523394071357742e-15,0.0,1.0,0
508,0.012470588088035583,7.523394071357742e-15,0.0,1.0,0
509,0.010176470503211021,8.359326651838275e-15,0.0,1.0,0
510,0.02526470646262169,3.3437305336803677e-15,0.0,1.0,0
511,0.01961764693260193,6.6874610673607355e-15,0.0,1.0,0
512,0.005499999970197678,1.6718652668401839e-15,0.0,1.0,0
513,0.00800000037997961,1.003119181279934e-14,0.0,1.0,0
514,0.0117647061124444,7.523394071357742e-15,0.0,1.0,0
515,0.0020000000949949026,6.197782850223552e-15,0.0,1.0,0
516,0.03255882486701012,1.003119181279934e-14,0.0,1.0,0
517,0.004970588255673647,0.0,0.0,1.0,0
518,0.004794117528945208,2.507797953199835e-15,0.0,1.0,0
519,0.003117647022008896,1.1703056973760406e-14,0.0,1.0,0
520,0.006529411766678095,0.0,0.0,1.0,0
521,0.0066176471300423145,6.6874610673607355e-15,0.0,1.0,0
522,0.02123529464006424,8.359326334200919e-16,0.0,1.0,0
523,0.015294117853045464,1.003119181279934e-14,0.0,1.0,0
524,0.006441176403313875,4.179663325919137e-15,0.0,1.0,0
525,0.003794117597863078,6.6874610673607355e-15,0.0,1.0,0
526,0.004235294181853533,7.523394071357742e-15,0.0,1.0,0
527,0.018441176041960716,1.003119181279934e-14,0.0,1.0,0
528,0.027764705941081047,6.6874610673607355e-15,0.0,1.0,0
529,0.029147058725357056,4.179663325919137e-15,0.0,1.0,0
530,0.02114705927670002,6.6874610673607355e-15,0.0,1.0,0
531,0.016911765560507774,4.179663325919137e-15,0.0,1.0,0
532,0.011264706030488014,2.507797953199835e-15,0.0,1.0,0
533,0.03311764821410179,8.902917669035247e-15,0.0,1.0,0
534,0.02835294045507908,6.8847981447308325e-15,0.0,1.0,0
535,0.030588235706090927,2.507797953199835e-15,0.0,1.0,0
536,0.026735294610261917,1.6718652668401839e-15,0.0,1.0,0
537,0.024529412388801575,5.01559590639967e-15,0.0,1.0,0
538,0.017941176891326904,1.0425865120506587e-14,0.0,1.0,0
539,0.010382353328168392,0.0,0.0,1.0,0
540,0.07044117897748947,1.3374922134721471e-14,0.0,1.0,0
541,0.024264706298708916,8.359326334200919e-16,0.0,1.0,0
542,0.004088235087692738,6.6874610673607355e-15,0.0,1.0,0
543,0.0023823529481887817,4.179663325919137e-15,0.0,1.0,0
544,0.036676470190286636,1.6718652668401839e-15,0.0,1.0,0
545,0.006147058680653572,8.359326334200919e-16,0.0,1.0,0
546,0.0063529410399496555,2.507797953199835e-15,0.0,1.0,0
547,0.007029411848634481,6.6874610673607355e-15,0.0,1.0,0
548,0.013382352888584137,8.359326651838275e-15,0.0,1.0,0
549,0.028617646545171738,1.1703056973760406e-14,0.0,1.0,0
550,0.034382354468107224,1.6718652668401839e-15,0.0,1.0,0
551,0.0066176471300423145,2.507797953199835e-15,0.0,1.0,0
552,0.00526470597833395,0.0,0.0,1.0,0
553,0.0058823530562222,5.01559590639967e-15,0.0,1.0,0
554,0.009764705784618855,5.851528486880203e-15,0.0,1.0,0
555,0.004411764908581972,8.359326651838275e-15,0.0,1.0,0
556,0.03373529389500618,6.6874610673607355e-15,0.0,1.0,0
557,0.014617647044360638,1.6718652668401839e-15,0.0,1.0,0
558,0.0044999998062849045,1.6718652668401839e-15,0.0,1.0,0
559,0.00708823511376977,3.3437305336803677e-15,0.0,1.0,0
560,0.029558824375271797,5.851528486880203e-15,0.0,1.0,0
561,0.00791176501661539,9.195259232318807e-15,0.0,1.0,0
562,0.012529411353170872,1.8390518464637615e-14,0.0,1.0,0
563,0.0014411765150725842,8.359326334200919e-16,0.0,1.0,0
564,0.0010294117964804173,0.0,0.0,1.0,0
565,0.004676470533013344,1.6718652668401839e-15,0.0,1.0,0
566,0.0021515151020139456,1.1553177881875546e-14,0.0,0.9705882352941176,0
567,0.008969697169959545,1.7225278956022397e-15,0.0,1.0,0
568,0.030515151098370552,7.751375530210079e-15,0.0,1.0,0
569,0.03872727230191231,1.7225278956022397e-15,0.0,1.0,0
570,0.017212120816111565,3.4450557912044794e-15,0.0,1.0,0
571,0.012000000104308128,5.370900393267958e-15,0.0,1.0,0
572,0.03187499940395355,6.217248937900877e-15,0.0,0.9696969696969697,0
573,0.016437500715255737,7.105427357601002e-15,0.0,1.0,0
574,0.007161290384829044,8.251463782269017e-15,0.0,0.96875,0
575,0.03867742046713829,1.1867687991454646e-14,0.0,1.0,0
576,0.014903225935995579,0.0,0.0,1.0,0
577,0.025333333760499954,2.842170985392048e-15,0.0,0.967741935483871,0
578,0.010366667062044144,7.579122910056444e-15,0.0,1.0,0
579,0.015799999237060547,0.0,0.0,1.0,0
580,0.004699999932199717,8.026419833677759e-15,0.0,1.0,0
581,0.00570000009611249,9.473903637570555e-16,0.0,1.0,0
582,0.00139999995008111,1.0421293683690255e-14,0.0,1.0,0
583,0.007466666866093874,4.736951712906159e-15,0.0,1.0,0
584,0.019766665995121002,6.631732228662033e-15,0.0,1.0,0
585,0.04766666516661644,7.579122910056444e-15,0.0,1.0,0
586,0.015533333644270897,9.473903637570555e-16,0.0,1.0,0
587,0.0013448275858536363,1.9601178844499923e-15,0.0,0.9666666666666667,0
588,0.0021034483797848225,1.078064825859584e-14,0.0,1.0,0
589,0.0025172412861138582,8.82053016238761e-15,0.0,1.0,0
590,0.027689654380083084,7.84047153779997e-15,0.0,1.0,0
591,0.019214285537600517,7.105427357601002e-15,0.0,0.9655172413793104,0
592,0.007928571663796902,8.12048877170098e-15,0.0,1.0,0
593,0.015035714022815228,2.030122192925245e-15,0.0,1.0,0
594,0.033571429550647736,1.2180732734034996e-14,0.0,1.0,0
595,0.03789285570383072,2.030122192925245e-15,0.0,1.0,0
596,0.006964285857975483,0.0,0.0,1.0,0
597,0.004107142798602581,8.12048877170098e-15,0.0,1.0,0
598,0.007571428548544645,4.06024438585049e-15,0.0,1.0,0
599,0.04510714113712311,4.06024438585049e-15,0.0,1.0,0
600,0.017821429297327995,0.0,0.0,1.0,0
601,0.0051428573206067085,1.2180732734034996e-14,0.0,1.0,0
602,0.015535714104771614,1.0150610964626224e-15,0.0,1.0,0
603,0.014307692646980286,0.0,0.0,0.9285714285714286,0
604,0.0031153846066445112,4.372570844491568e-15,0.0,1.0,0
605,0.006923076696693897,4.372570844491568e-15,0.0,1.0,0
606,0.02507692389190197,1.093142711122892e-15,0.0,1.0,0
607,0.006000000052154064,1.093142711122892e-15,0.0,1.0,0
608,7.69230755395256e-05,1.5303998167478725e-14,0.0,1.0,0
609,3.84615377697628e-05,4.507142780470121e-15,0.0,1.0,0
610,7.69230755395256e-05,9.83828429422691e-15,0.0,1.0,0
611,0.000269230775302276,1.093142711122892e-15,0.0,1.0,0
612,0.0001153846169472672,1.5303998167478725e-14,0.0,1.0,0
613,3.84615377697628e-05,5.4657134497353415e-15,0.0,1.0,0
614,7.69230755395256e-05,5.4657134497353415e-15,0.0,1.0,0
615,0.003000000026077032,1.0526559126726757e-15,0.0,-4.0,1
616,0.009259259328246117,2.1053118253453514e-15,0.0,1.0,0
617,0.00011111111234640703,6.315935476036054e-15,0.0,1.0,0
618,7.407407247228548e-05,1.0526559126726757e-15,0.0,1.0,0
619,0.005851851776242256,0.0,0.0,1.0,0
620,0.003074074164032936,0.0,0.0,1.0,0
621,0.0027777778450399637,6.315935476036054e-15,0.0,1.0,0
622,0.00022222222469281405,8.421247301381406e-15,0.0,1.0,0
623,0.0024444444570690393,0.0,0.0,1.0,0
624,0.0008148148190230131,3.157967738018027e-15,0.0,1.0,0
625,0.0007307692430913448,8.745141688983136e-15,0.0,0.9629629629629629,0
626,0.0026400000788271427,3.2794280274895575e-15,0.0,-4.038461538461538,1
627,0.0001538461510790512,5.4657134497353415e-15,0.0,1.0,0
628,0.00938461534678936,2.186285422245784e-15,0.0,1.0,0
629,0.0071923076175153255,3.2794280274895575e-15,0.0,1.0,0
630,0.00863999966531992,4.5474734072206875e-15,0.0,0.9615384615384616,0
631,0.007240000180900097,1.1368683518051719e-15,0.0,1.0,0
632,0.03468000143766403,1.1368683518051719e-15,0.0,1.0,0
633,0.03191666677594185,0.0,0.0,0.96,0
634,0.023749999701976776,4.736951712906159e-15,0.0,1.0,0
635,0.028541667386889458,1.1842379282265398e-15,0.0,1.0,0
636,0.01600000075995922,1.1842379282265398e-15,0.0,1.0,0
637,0.003583333222195506,4.736951712906159e-15,0.0,1.0,0
638,0.00041666667675599456,1.1842379282265398e-15,0.0,1.0,0
639,0.0015833333600312471,3.4106050554155156e-15,0.0,-4.0,1
640,0.011959999799728394,1.4779288361708998e-14,0.0,1.0,0
641,0.029039999470114708,5.489285953140955e-15,0.0,1.0,0
642,0.03108000010251999,1.1368683941568192e-14,0.0,1.0,0
643,0.019680000841617584,1.1368683518051719e-15,0.0,1.0,0
644,0.06588000059127808,7.95807867439444e-15,0.0,1.0,0
645,0.01696000061929226,2.2737367036103438e-15,0.0,1.0,0
646,0.026599999517202377,3.4106050554155156e-15,0.0,1.0,0
647,0.0024800000246614218,2.2737367036103438e-15,0.0,1.0,0
648,0.004999999888241291,0.0,0.0,1.0,0
649,0.01056000031530857,0.0,0.0,-4.0,1
650,0.0252307690680027,0.0,0.0,1.0,0
651,0.0021153846755623817,1.093142711122892e-15,0.0,1.0,0
652,0.027000000700354576,0.0,0.0,1.0,0
653,0.032538462430238724,8.745141688983136e-15,0.0,1.0,0
654,0.009923077188432217,0.0,0.0,1.0,0
655,0.01842307671904564,0.0,0.0,1.0,0
656,0.010384615510702133,4.372570844491568e-15,0.0,1.0,0
657,0.0011538461549207568,6.558856054979115e-15,0.0,1.0,0
658,0.0001923076924867928,1.093142711122892e-15,0.0,1.0,0
659,0.0006153846043162048,2.186285422245784e-15,0.0,1.0,0
660,0.0005000000237487257,4.372570844491568e-15,0.0,1.0,0
661,0.0,4.185016997662258e-15,0.0,1.0,0
662,0.0001538461510790512,6.315935476036054e-15,0.0,-4.0,1
663,0.00855555571615696,9.473903425812318e-15,0.0,1.0,0
664,0.0032222222071141005,0.0,0.0,1.0,0
665,0.0023703703191131353,1.0526559126726757e-15,0.0,1.0,0
666,0.004000000189989805,0.0,0.0,0.9629629629629629,0
667,0.0013461537891998887,6.6934279909576684e-15,0.0,1.0,0
668,0.0020000000949949026,4.372570844491568e-15,0.0,1.0,0
669,0.0029230769723653793,1.093142711122892e-15,0.0,1.0,0
670,0.01269230805337429,0.0,0.0,1.0,0
671,0.016346154734492302,0.0,0.0,1.0,0
672,0.016692306846380234,6.558856054979115e-15,0.0,1.0,0
673,0.0024230768904089928,1.2024569504714457e-14,0.0,1.0,0
674,0.029961537569761276,1.537205387665882e-14,0.0,1.0,0
675,0.009119999594986439,4.5474734072206875e-15,0.0,0.9615384615384616,0
676,0.012880000285804272,1.1368683518051719e-15,0.0,1.0,0
677,0.007040000054985285,6.821210110831031e-15,0.0,1.0,0
678,0.006000000052154064,9.094946814441375e-15,0.0,1.0,0
679,0.028519999235868454,5.684341970784096e-15,0.0,1.0,0
680,0.02572000026702881,6.821210110831031e-15,0.0,1.0,0
681,0.028119999915361404,6.558856054979115e-15,0.0,-4.0,1
682,0.00792307686060667,6.558856054979115e-15,0.0,1.0,0
683,0.009576923213899136,5.4657134497353415e-15,0.0,1.0,0
684,0.02803846076130867,4.372570844491568e-15,0.0,1.0,0
685,0.006000000052154064,1.093142711122892e-15,0.0,1.0,0
686,0.000846153823658824,8.557587418637352e-15,0.0,1.0,0
687,0.0005769230774603784,6.558856054979115e-15,0.0,1.0,0
688,0.004923076834529638,0.0,0.0,1.0,0
689,0.0007307692430913448,1.093142711122892e-15,0.0,1.0,0
690,0.001076923101209104,1.2024569504714457e-14,0.0,1.0,0
691,0.008153846487402916,2.186285422245784e-15,0.0,1.0,0
692,0.008192307315766811,4.372570844491568e-15,0.0,1.0,0
693,0.010192307643592358,9.83828429422691e-15,0.0,1.0,0
694,0.006769230589270592,2.186285422245784e-15,0.0,1.0,0
695,0.0029230769723653793,1.8583425136177098e-14,0.0,1.0,0
696,0.004461538512259722,2.186285422245784e-15,0.0,1.0,0
697,0.002038461621850729,6.558856054979115e-15,0.0,1.0,0
698,0.004461538512259722,7.651999083739362e-15,0.0,1.0,0
699,0.0006153846043162048,5.4657134497353415e-15,0.0,1.0,0
700,0.003730769269168377,5.4657134497353415e-15,0.0,1.0,0
701,0.009230769239366055,5.4657134497353415e-15,0.0,1.0,0
702,0.009807691909372807,4.372570844491568e-15,0.0,1.0,0
703,0.007538461592048407,9.83828429422691e-15,0.0,1.0,0
704,0.0022692307829856873,1.639713992568955e-14,0.0,1.0,0
705,0.005730769131332636,6.558856054979115e-15,0.0,1.0,0
706,0.008961538784205914,5.4657134497353415e-15,0.0,1.0,0
707,0.00707692326977849,7.651999083739362e-15,0.0,1.0,0
708,0.0012307692086324096,0.0,0.0,1.0,0
709,0.0001538461510790512,5.4657134497353415e-15,0.0,1.0,0
710,0.0026400000788271427,1.1368683518051719e-15,0.0,0.9615384615384616,0
711,7.999999797903001e-05,6.821210110831031e-15,0.0,1.0,0
712,0.005439999978989363,4.5474734072206875e-15,0.0,1.0,0
713,0.010999999940395355,1.0658141036401503e-14,0.0,0.96,0
714,0.02187499962747097,1.1842378646990687e-14,0.0,1.0,0
715,0.00712500000372529,1.0658141036401503e-14,0.0,1.0,0
716,0.0010000000474974513,7.105427357601002e-15,0.0,1.0,0
717,0.0030416666995733976,4.736951712906159e-15,0.0,1.0,0
718,0.004000000189989805,1.3026617104612819e-14,0.0,1.0,0
719,0.0030416666995733976,9.473903425812318e-15,0.0,1.0,0
720,0.0044999998062849045,7.105427357601002e-15,0.0,1.0,0
721,0.011500000022351742,2.9605946193960245e-14,0.0,1.0,0
722,0.0,2.3684758564530796e-15,0.0,1.0,0
723,8.333333244081587e-05,4.736951712906159e-15,0.0,1.0,0
724,4.166666622040793e-05,2.3684758564530796e-15,0.0,1.0,0
725,4.166666622040793e-05,2.2737367036103438e-15,0.0,-4.0,1
726,0.00015999999595806003,4.5474734072206875e-15,0.0,1.0,0
727,0.00011999999696854502,7.95807867439444e-15,0.0,1.0,0
728,0.00011999999696854502,4.5474734072206875e-15,0.0,1.0,0
729,0.00031999999191612005,1.4779288361708998e-14,0.0,1.0,0
730,0.025679999962449074,1.1368683941568192e-14,0.0,1.0,0
731,0.014120000414550304,0.0,0.0,1.0,0
732,0.00139999995008111,1.1368683518051719e-15,0.0,1.0,0
733,0.0,1.1368683518051719e-15,0.0,1.0,0
734,0.0006000000284984708,1.1368683518051719e-15,0.0,1.0,0
735,0.0081599997356534,5.684341970784096e-15,0.0,1.0,0
736,0.03311999887228012,1.1368683518051719e-15,0.0,1.0,0
737,0.06063999980688095,6.821210110831031e-15,0.0,1.0,0
738,0.013399999588727951,7.95807867439444e-15,0.0,1.0,0
739,0.003120000008493662,0.0,0.0,1.0,0
740,7.999999797903001e-05,2.2737367036103438e-15,0.0,1.0,0
741,0.00011999999696854502,0.0,0.0,-4.0,1
742,0.03419230878353119,5.4657134497353415e-15,0.0,1.0,0
743,0.026384616270661354,5.4657134497353415e-15,0.0,1.0,0
744,0.008500000461935997,4.372570844491568e-15,0.0,1.0,0
745,0.02788461558520794,2.186285422245784e-15,0.0,1.0,0
746,0.00792307686060667,6.558856054979115e-15,0.0,1.0,0
747,0.026480000466108322,2.2737367036103438e-15,0.0,0.9615384615384616,0
748,0.00015999999595806003,1.0231815801521257e-14,0.0,1.0,0
749,0.0392800010740757,9.094946814441375e-15,0.0,1.0,0
750,0.0012799999676644802,2.2737367036103438e-15,0.0,1.0,0
751,0.010583333671092987,2.3684758564530796e-15,0.0,0.96,0
752,0.004625000059604645,1.1842378646990687e-14,0.0,1.0,0
753,0.006541666574776173,4.736951712906159e-15,0.0,1.0,0
754,0.00712500000372529,1.1842379282265398e-15,0.0,1.0,0
755,0.0027083333116024733,0.0,0.0,1.0,0
756,0.021958332508802414,1.1842379282265398e-15,0.0,1.0,0
757,0.011416666209697723,3.552713678800501e-15,0.0,1.0,0
758,0.0030416666995733976,1.1842379282265398e-15,0.0,1.0,0
759,8.333333244081587e-05,0.0,0.0,1.0,0
760,4.166666622040793e-05,2.3684758564530796e-15,0.0,1.0,0
761,0.0,1.6579329936380373e-14,0.0,1.0,0
762,0.0,1.1842379282265398e-15,0.0,1.0,0
763,0.0,3.552713678800501e-15,0.0,1.0,0
764,4.166666622040793e-05,2.3684758564530796e-15,0.0,1.0,0
765,0.0,0.0,0.0,1.0,0
766,4.166666622040793e-05,1.1842379282265398e-15,0.0,1.0,0
767,0.0,2.3684758564530796e-15,0.0,1.0,0
768,0.0,5.921189323495344e-15,0.0,1.0,0
769,0.0,1.1842378646990687e-14,0.0,1.0,0
770,0.0,3.552713678800501e-15,0.0,1.0,0
771,0.0,0.0,0.0,1.0,0
772,0.0,4.736951712906159e-15,0.0,1.0,0
773,4.166666622040793e-05,2.3684758564530796e-15,0.0,1.0,0
774,4.166666622040793e-05,9.473903425812318e-15,0.0,1.0,0
775,0.0,3.552713678800501e-15,0.0,1.0,0
776,0.0002500000118743628,1.5395093172824136e-14,0.0,1.0,0
777,0.0010833332780748606,3.552713678800501e-15,0.0,1.0,0
778,0.0035000001080334187,2.3684758564530796e-15,0.0,1.0,0
779,0.007208333350718021,1.1842379282265398e-15,0.0,1.0,0
780,0.002749999985098839,8.289664968190186e-15,0.0,1.0,0
781,0.02225000038743019,5.921189323495344e-15,0.0,1.0,0
782,0.004583333153277636,1.1842379282265398e-15,0.0,1.0,0
783,0.0001250000059371814,1.1842379282265398e-15,0.0,1.0,0
784,0.0009583333157934248,2.3684758564530796e-15,0.0,1.0,0
785,0.006166666746139526,0.0,0.0,1.0,0
786,0.0403333343565464,0.0,0.0,1.0,0
787,0.0037083332426846027,0.0,0.0,1.0,0
788,0.006708333268761635,0.0,0.0,1.0,0
789,0.002749999985098839,2.3684758564530796e-15,0.0,1.0,0
790,0.009875000454485416,7.105427357601002e-15,0.0,1.0,0
791,0.026916665956377983,9.473903425812318e-15,0.0,1.0,0
792,0.004458333365619183,0.0,0.0,1.0,0
793,0.04195833206176758,9.473903425812318e-15,0.0,1.0,0
794,0.00016666666488163173,0.0,0.0,1.0,0
795,4.166666622040793e-05,1.1842379282265398e-15,0.0,1.0,0
796,8.333333244081587e-05,0.0,0.0,1.0,0
797,4.166666622040793e-05,7.105427357601002e-15,0.0,1.0,0
798,0.0,4.736951712906159e-15,0.0,1.0,0
799,0.0,4.736951712906159e-15,0.0,1.0,0
800,8.333333244081587e-05,0.0,0.0,1.0,0
801,0.0015416666865348816,2.2500520530425137e-14,0.0,1.0,0
802,8.333333244081587e-05,4.736951712906159e-15,0.0,1.0,0
803,0.017875000834465027,0.0,0.0,1.0,0
804,0.01875000074505806,2.3684758564530796e-15,0.0,1.0,0
805,0.003666666569188237,1.1842379282265398e-15,0.0,1.0,0
806,0.0063749998807907104,0.0,0.0,1.0,0
807,0.03529166802763939,9.473903425812318e-15,0.0,1.0,0
808,0.00016666666488163173,2.3684758564530796e-15,0.0,1.0,0
809,0.03216666728258133,0.0,0.0,1.0,0
810,0.009333333000540733,2.3684758564530796e-15,0.0,1.0,0
811,4.166666622040793e-05,0.0,0.0,1.0,0
812,4.347825961303897e-05,4.942906079965148e-15,0.0,0.9583333333333334,0
813,0.0,7.414358908189485e-15,0.0,1.0,0
814,0.0,4.942906079965148e-15,0.0,1.0,0
815,0.0,9.885812159930295e-15,0.0,1.0,0
816,0.0,7.414358908189485e-15,0.0,1.0,0
817,0.005260869394987822,4.942906079965148e-15,0.0,1.0,0
818,0.005217391531914473,7.414358908189485e-15,0.0,1.0,0
819,4.347825961303897e-05,8.650085110543417e-15,0.0,1.0,0
820,0.0,1.235726519991287e-15,0.0,1.0,0
821,4.347825961303897e-05,0.0,0.0,1.0,0
822,0.0,6.1786322823190794e-15,0.0,1.0,0
823,4.347825961303897e-05,4.942906079965148e-15,0.0,1.0,0
824,4.347825961303897e-05,8.650085110543417e-15,0.0,1.0,0
825,0.0,4.942906079965148e-15,0.0,1.0,0
826,0.003652174025774002,2.471453039982574e-15,0.0,1.0,0
827,0.028217392042279243,1.2357264564638159e-14,0.0,1.0,0
828,0.0032173912040889263,7.414358908189485e-15,0.0,1.0,0
829,0.013695652596652508,3.707179454094742e-15,0.0,1.0,0
830,0.001391304307617247,1.853589811750666e-14,0.0,1.0,0
831,0.004347825888544321,1.235726519991287e-15,0.0,1.0,0
832,0.00804347824305296,7.414358908189485e-15,0.0,1.0,0
833,0.0060434783808887005,1.235726519991287e-15,0.0,1.0,0
834,0.012782609090209007,2.471453039982574e-15,0.0,1.0,0
835,0.005636363755911589,2.471453039982574e-15,0.0,-4.043478260869565,1
836,0.0223478265106678,8.650085110543417e-15,0.0,1.0,0
837,4.347825961303897e-05,0.0,0.0,1.0,0
838,0.0,2.471453039982574e-15,0.0,1.0,0
839,0.0,1.3884707219960577e-14,0.0,1.0,0
840,0.0,1.235726519991287e-15,0.0,1.0,0
841,0.0,6.1786322823190794e-15,0.0,1.0,0
842,0.0,1.235726519991287e-15,0.0,1.0,0
843,0.0,3.707179454094742e-15,0.0,1.0,0
844,0.0,4.942906079965148e-15,0.0,1.0,0
845,0.0,8.650085110543417e-15,0.0,1.0,0
846,0.0,6.1786322823190794e-15,0.0,1.0,0
847,0.03273912891745567,6.1786322823190794e-15,0.0,1.0,0
848,0.010695652104914188,8.650085110543417e-15,0.0,1.0,0
849,4.347825961303897e-05,1.235726519991287e-15,0.0,1.0,0
850,0.0,2.471453039982574e-15,0.0,1.0,0
851,0.0,2.471453039982574e-15,0.0,1.0,0
852,0.0,4.942906079965148e-15,0.0,1.0,0
853,0.0,2.471453039982574e-15,0.0,1.0,0
854,0.0,2.471453039982574e-15,0.0,1.0,0
855,0.0,3.707179454094742e-15,0.0,1.0,0
856,0.0,1.235726519991287e-15,0.0,1.0,0
857,0.0,4.942906079965148e-15,0.0,1.0,0
858,0.0,1.0658141036401503e-14,0.0,-4.0,1
859,8.333333244081587e-05,1.1842379282265398e-15,0.0,1.0,0
860,0.0,5.921189323495344e-15,0.0,1.0,0
861,0.0,1.1842379282265398e-15,0.0,1.0,0
862,0.0,1.1842379282265398e-15,0.0,1.0,0
863,0.0,0.0,0.0,1.0,0
864,0.0,1.1842379282265398e-15,0.0,1.0,0
865,0.003083333373069763,0.0,0.0,1.0,0
866,0.0009166666422970593,0.0,0.0,1.0,0
867,0.000375000003259629,7.105427357601002e-15,0.0,1.0,0
868,0.0011249999515712261,0.0,0.0,1.0,0
869,0.003666666569188237,3.552713678800501e-15,0.0,1.0,0
870,0.0,0.0,0.0,1.0,0
871,0.0,2.3684758564530796e-15,0.0,1.0,0
872,0.0,5.921189323495344e-15,0.0,1.0,0
873,0.0,0.0,0.0,1.0,0
874,0.0,1.1842378646990687e-14,0.0,1.0,0
875,0.0,1.1842379282265398e-15,0.0,1.0,0
876,0.0,9.473903425812318e-15,0.0,1.0,0
877,0.0,6.821210110831031e-15,0.0,-4.0,1
878,3.9999998989515007e-05,7.95807867439444e-15,0.0,1.0,0
879,0.0,2.186285422245784e-15,0.0,-4.0,1
880,0.0122307687997818,9.83828429422691e-15,0.0,1.0,0
881,0.0,0.0,0.0,1.0,0
882,3.84615377697628e-05,1.0931426899470683e-14,0.0,1.0,0
883,0.0,6.558856054979115e-15,0.0,1.0,0
884,0.0,1.093142711122892e-15,0.0,1.0,0
885,0.0,2.186285422245784e-15,0.0,1.0,0
886,0.017461538314819336,5.263279351605142e-15,0.0,-4.0,1
887,0.01862962916493416,5.263279351605142e-15,0.0,1.0,0
888,0.026814814656972885,7.368591176950493e-15,0.0,1.0,0
889,0.010962963104248047,6.090366367017498e-15,0.0,-4.0,1
890,0.0012142857303842902,5.880353865108214e-15,0.0,-4.0,1
891,0.005517241545021534,0.0,0.0,1.0,0
892,0.007758620660752058,7.84047153779997e-15,0.0,1.0,0
893,0.0025517242029309273,1.9601178844499923e-15,0.0,1.0,0
894,0.0067241378128528595,5.880353865108214e-15,0.0,1.0,0
895,0.012000000104308128,0.0,0.0,1.0,0
896,0.005172413773834705,6.860412489695855e-15,0.0,1.0,0
897,0.0025517242029309273,1.9601178844499923e-15,0.0,1.0,0
898,6.89655207679607e-05,2.940176932554107e-15,0.0,1.0,0
899,3.448276038398035e-05,7.84047153779997e-15,0.0,1.0,0
900,0.0,4.900294817004099e-15,0.0,1.0,0
901,3.448276038398035e-05,5.880353865108214e-15,0.0,1.0,0
902,3.448276038398035e-05,5.880353865108214e-15,0.0,1.0,0
903,0.0,7.84047153779997e-15,0.0,1.0,0
904,0.0,9.800589422249962e-16,0.0,1.0,0
905,0.0,1.1760707730216428e-14,0.0,1.0,0
906,0.0,0.0,0.0,1.0,0
907,0.0,4.900294817004099e-15,0.0,1.0,0
908,0.0,3.752084058760482e-15,0.0,1.0,0
909,0.0,0.0,0.0,1.0,0
910,0.0,4.900294817004099e-15,0.0,1.0,0
911,0.0,3.920235768899985e-15,0.0,1.0,0
912,0.0,9.800589422249962e-16,0.0,1.0,0
913,0.0,9.800589422249962e-16,0.0,1.0,0
914,0.0,3.920235768899985e-15,0.0,1.0,0
915,0.0,9.800589634008199e-15,0.0,1.0,0
916,0.0,0.0,0.0,1.0,0
917,0.0,0.0,0.0,1.0,0
918,3.448276038398035e-05,9.800589634008199e-15,0.0,1.0,0
919,3.448276038398035e-05,4.7321431068645965e-15,0.0,1.0,0
920,0.0,6.860412489695855e-15,0.0,1.0,0
921,0.0,0.0,0.0,1.0,0
922,0.0,5.880353865108214e-15,0.0,1.0,0
923,0.0,5.880353865108214e-15,0.0,1.0,0
924,0.0,7.84047153779997e-15,0.0,1.0,0
925,0.0,5.880353865108214e-15,0.0,1.0,0
926,3.448276038398035e-05,3.920235768899985e-15,0.0,1.0,0
927,0.0,1.3195793301102026e-14,0.0,0.9655172413793104,0
928,3.571428533177823e-05,1.2180732734034996e-14,0.0,1.0,0
929,7.142857066355646e-05,2.030122192925245e-15,0.0,1.0,0
930,0.001500000013038516,3.045183183508749e-15,0.0,1.0,0
931,0.0020357142202556133,0.0,0.0,1.0,0
932,0.01964285783469677,0.0,0.0,1.0,0
933,0.00417857151478529,3.045183183508749e-15,0.0,1.0,0
934,0.004285714123398066,7.105427357601002e-15,0.0,1.0,0
935,0.0039285714738070965,5.075305376433994e-15,0.0,1.0,0
936,0.0,1.0150610964626224e-15,0.0,1.0,0
937,0.0,4.06024438585049e-15,0.0,1.0,0
938,0.0,1.773528426982779e-14,0.0,1.0,0
939,0.0,2.030122192925245e-15,0.0,1.0,0
940,0.0,7.105427357601002e-15,0.0,1.0,0
941,0.0,1.0150610752867988e-14,0.0,1.0,0
942,0.0,2.030122192925245e-15,0.0,1.0,0
943,0.0,8.12048877170098e-15,0.0,1.0,0
944,0.0,5.075305376433994e-15,0.0,1.0,0
945,0.0,1.9601178844499923e-15,0.0,-4.0,1
946,0.0,6.860412489695855e-15,0.0,1.0,0
947,3.448276038398035e-05,1.9601178844499923e-15,0.0,1.0,0
948,3.448276038398035e-05,8.82053016238761e-15,0.0,1.0,0
949,6.89655207679607e-05,5.880353865108214e-15,0.0,1.0,0
950,0.03427586331963539,3.920235768899985e-15,0.0,1.0,0
951,0.00020689655502792448,2.940176932554107e-15,0.0,1.0,0
952,0.0001379310415359214,6.860412489695855e-15,0.0,1.0,0
953,0.0010344827314838767,6.860412489695855e-15,0.0,1.0,0
954,0.0019310344941914082,6.860412489695855e-15,0.0,1.0,0
955,0.0001379310415359214,2.940176932554107e-15,0.0,1.0,0
956,0.014758620411157608,6.631732228662033e-15,0.0,-4.0,1
957,0.014366666786372662,1.3263464457324067e-14,0.0,1.0,0
958,0.005400000140070915,9.473903425812318e-15,0.0,1.0,0
959,0.00013333333481568843,9.473903637570555e-16,0.0,1.0,0
960,0.0003000000142492354,0.0,0.0,1.0,0
961,0.00019999999494757503,3.789561455028222e-15,0.0,1.0,0
962,0.013833333738148212,9.473903425812318e-15,0.0,1.0,0
963,0.01640000008046627,4.58414654570501e-15,0.0,-4.0,1
964,0.007419354747980833,9.16829309141002e-15,0.0,1.0,0
965,0.009032257832586765,1.4210854715202004e-14,0.0,-4.0,1
966,0.013656250201165676,8.881784197001252e-15,0.0,1.0,0
967,0.011374999769032001,8.881784197001252e-16,0.0,1.0,0
968,0.021312499418854713,9.769962616701378e-15,0.0,1.0,0
969,0.00034374999813735485,7.105427357601002e-15,0.0,1.0,0
970,0.0019687500316649675,2.6645352591003757e-15,0.0,1.0,0
971,0.0,6.217248937900877e-15,0.0,1.0,0
972,0.0023125000298023224,6.217248937900877e-15,0.0,1.0,0
973,0.02746875025331974,0.0,0.0,1.0,0
974,0.001468749949708581,4.440892098500626e-15,0.0,1.0,0
975,3.125000148429535e-05,8.881784197001252e-16,0.0,1.0,0
976,3.125000148429535e-05,0.0,0.0,1.0,0
977,3.125000148429535e-05,3.552713678800501e-15,0.0,1.0,0
978,6.25000029685907e-05,3.552713678800501e-15,0.0,1.0,0
979,0.0,7.105427357601002e-15,0.0,1.0,0
980,9.375000081490725e-05,5.329070518200751e-15,0.0,1.0,0
981,9.375000081490725e-05,1.4210854715202004e-14,0.0,1.0,0
982,3.125000148429535e-05,9.769962616701378e-15,0.0,1.0,0
983,3.125000148429535e-05,7.993605777301127e-15,0.0,1.0,0
984,3.125000148429535e-05,2.6645352591003757e-15,0.0,1.0,0
985,0.0,2.6645352591003757e-15,0.0,1.0,0
986,6.25000029685907e-05,1.107748163759869e-14,0.0,1.0,0
987,6.25000029685907e-05,0.0,0.0,1.0,0
988,0.0007812500116415322,4.440892098500626e-15,0.0,1.0,0
989,0.0011249999515712261,0.0,0.0,1.0,0
990,0.0030624999199062586,5.329070518200751e-15,0.0,1.0,0
991,0.031156249344348907,4.440892098500626e-15,0.0,1.0,0
992,0.016593750566244125,2.6645352591003757e-15,0.0,1.0,0
993,0.005187499802559614,1.7763568394002505e-15,0.0,1.0,0
994,0.00912499986588955,1.865174681370263e-14,0.0,1.0,0
995,0.0007096774061210454,3.667317236564008e-15,0.0,0.96875,0
996,0.014903225935995579,3.667317236564008e-15,0.0,1.0,0
997,0.01738709770143032,7.993605777301127e-15,0.0,-4.0,1
998,0.014612902887165546,9.16829309141002e-16,0.0,0.96875,0
999,3.2258063583867624e-05,9.16829309141002e-15,0.0,1.0,0
1000,0.0,9.16829309141002e-16,0.0,1.0,0
1001,0.0,4.58414654570501e-15,0.0,1.0,0
1002,0.002354838652536273,1.7419757720711984e-14,0.0,1.0,0
1003,0.003225806402042508,5.500975854846012e-15,0.0,1.0,0
1004,0.002419354859739542,9.16829309141002e-15,0.0,1.0,0
1005,0.0012258064234629273,7.334634473128016e-15,0.0,1.0,0
1006,0.020967742428183556,1.7763568394002505e-15,0.0,-4.0,1
1007,0.003562500001862645,5.329070518200751e-15,0.0,1.0,0
1008,0.0001250000059371814,7.105427357601002e-15,0.0,1.0,0
1009,0.0001875000016298145,1.7763568394002505e-15,0.0,1.0,0
1010,0.00021875000675208867,1.7763568394002505e-15,0.0,1.0,0
1011,0.024843750521540642,2.6645352591003757e-15,0.0,1.0,0
1012,0.01028124988079071,0.0,0.0,1.0,0
1013,0.020250000059604645,1.7763568394002505e-14,0.0,1.0,0
1014,0.009624999947845936,3.552713678800501e-15,0.0,1.0,0
1015,0.00793750025331974,3.552713678800501e-15,0.0,1.0,0
1016,0.004093749914318323,3.552713678800501e-15,0.0,1.0,0
1017,0.006750000175088644,0.0,0.0,1.0,0
1018,0.009156250394880772,4.440892098500626e-15,0.0,1.0,0
1019,0.008156250230967999,6.028847634607839e-15,0.0,-4.0,1
1020,0.016303030773997307,1.5502751060420157e-14,0.0,1.0,0
1021,0.010303030721843243,3.4450557912044794e-15,0.0,1.0,0
1022,0.009606060571968555,3.4450557912044794e-15,0.0,1.0,0
1023,0.005393939558416605,3.4450557912044794e-15,0.0,1.0,0
1024,0.0034545455127954483,4.306319739005599e-15,0.0,1.0,0
1025,0.00939393974840641,6.2321643410690776e-15,0.0,1.0,0
1026,0.006757575552910566,8.612639478011198e-15,0.0,1.0,0
1027,0.008687499910593033,2.6645352591003757e-15,0.0,0.9696969696969697,0
1028,0.013000000268220901,5.500975854846012e-15,0.0,0.96875,0
1029,0.0022580644581466913,3.667317236564008e-15,0.0,1.0,0
1030,0.0025483870413154364,4.58414654570501e-15,0.0,1.0,0
1031,9.677419438958168e-05,2.750487927423006e-15,0.0,1.0,0
1032,0.0005483871209435165,1.833658618282004e-15,0.0,1.0,0
1033,0.0020322580821812153,0.0,0.0,1.0,0
1034,3.2258063583867624e-05,9.16829309141002e-16,0.0,1.0,0
1035,6.451612716773525e-05,1.833658618282004e-15,0.0,1.0,0
1036,3.2258063583867624e-05,4.58414654570501e-15,0.0,1.0,0
1037,3.2258063583867624e-05,9.16829309141002e-16,0.0,1.0,0
1038,0.02987096831202507,9.16829309141002e-16,0.0,1.0,0
1039,0.0020967742893844843,7.334634473128016e-15,0.0,1.0,0
1040,0.00045161289745010436,1.1001951709692023e-14,0.0,1.0,0
1041,0.02009677328169346,1.558609910242998e-14,0.0,1.0,0
1042,0.003354838816449046,8.251463782269017e-15,0.0,1.0,0
1043,0.015354839153587818,0.0,0.0,1.0,0
1044,6.451612716773525e-05,4.58414654570501e-15,0.0,1.0,0
1045,6.451612716773525e-05,4.58414654570501e-15,0.0,1.0,0
1046,0.0001290322543354705,3.667317236564008e-15,0.0,1.0,0
1047,3.448276038398035e-05,1.078064825859584e-14,0.0,0.9354838709677419,0
1048,0.00010344827751396224,5.880353865108214e-15,0.0,1.0,0
1049,0.00010344827751396224,7.84047153779997e-15,0.0,1.0,0
1050,0.0,0.0,0.0,0.0,0
